{
    "horizon": 250,
    "n_trials": 1000,
    "env": {
        "horizon": 250,
        "actions": null,
        "noise": 0.01
    },
    "agent_ucb_srb_1": {
        "n_arms": 5,
        "exp_param": 4.366266948730334,
        "horizon": 250,
        "eps": 0.25,
        "sigma": 0.01
    },
    "agent_ucb_srb_2": {
        "n_arms": 5,
        "exp_param": 21.831334743651666,
        "horizon": 250,
        "eps": 0.25,
        "sigma": 0.01
    },
    "agent_ucb_srb_3": {
        "n_arms": 5,
        "exp_param": 218.31334743651666,
        "horizon": 250,
        "eps": 0.25,
        "sigma": 0.01
    },
    "agent_ucb_srb_4": {
        "n_arms": 5,
        "exp_param": 2183.133474365167,
        "horizon": 250,
        "eps": 0.25,
        "sigma": 0.01
    },
    "agent_ucb_srb_5": {
        "n_arms": 5,
        "exp_param": 10915.667371825833,
        "horizon": 250,
        "eps": 0.25,
        "sigma": 0.01
    }
}